dataset,original_label,image_count,extensions
plantvillage,tomato_leaf_bacterial_spot,2127,"{"".JPG"": 2127}"
plantvillage,tomato_leaf_early_blight,1000,"{"".JPG"": 1000}"
plantvillage,tomato_leaf_healthy,1591,"{"".JPG"": 1590, "".jpg"": 1}"
plantvillage,tomato_leaf_late_blight,1909,"{"".JPG"": 1756, "".jpeg"": 1, "".jpg"": 152}"
plantvillage,tomato_leaf_mold,952,"{"".JPG"": 952}"
plantvillage,tomato_leaf_mosaic_virus,373,"{"".JPG"": 373}"
plantvillage,tomato_leaf_two_spotted_spider_mites,1676,"{"".JPG"": 1676}"
plantvillage,tomato_leaf_yellow_virus,3208,"{"".JPG"": 3208}"
plantvillage,tomato_septoria_leaf_spot,1771,"{"".JPG"": 1771}"
plantvillage,tomato_target_spot,1404,"{"".JPG"": 1404}"
plantdoc,tomato_leaf_bacterial_spot,110,"{"".jpg"": 110}"
plantdoc,tomato_leaf_early_blight,88,"{"".jpg"": 88}"
plantdoc,tomato_leaf_healthy,63,"{"".jpg"": 63}"
plantdoc,tomato_leaf_late_blight,111,"{"".jpg"": 111}"
plantdoc,tomato_leaf_mold,91,"{"".jpg"": 91}"
plantdoc,tomato_leaf_mosaic_virus,54,"{"".jpg"": 54}"
plantdoc,tomato_leaf_two_spotted_spider_mites,2,"{"".jpg"": 2}"
plantdoc,tomato_leaf_yellow_virus,76,"{"".jpg"": 76}"
plantdoc,tomato_septoria_leaf_spot,151,"{"".jpg"": 150, "".png"": 1}"
