duplicate_group_id,sha256,group_size,datasets,original_labels,cross_dataset,label_conflict
dup_sha256_12852b3616bcf0ba39b03b5677e74f50f5f6abf4d38957fe17949e23e2a4b244,12852b3616bcf0ba39b03b5677e74f50f5f6abf4d38957fe17949e23e2a4b244,2,plantvillage,tomato_leaf_healthy,False,False
dup_sha256_2a05a74db3a270ac0ec77c00ebe89a332eed589819435129cc3c29eb6e701eb2,2a05a74db3a270ac0ec77c00ebe89a332eed589819435129cc3c29eb6e701eb2,2,plantvillage,tomato_leaf_healthy,False,False
dup_sha256_2aeb7479e975df37dfb54aa7b403f57f2ad90b018c37809e572a2a932f55d2a7,2aeb7479e975df37dfb54aa7b403f57f2ad90b018c37809e572a2a932f55d2a7,2,plantvillage,tomato_leaf_late_blight,False,False
dup_sha256_32e9ffabaa054c19ae8df95e94fbd7a25105defdea1214eb5f8bd804ea9a7428,32e9ffabaa054c19ae8df95e94fbd7a25105defdea1214eb5f8bd804ea9a7428,2,plantvillage,tomato_leaf_healthy,False,False
dup_sha256_375eee7b5da77c7afdd73d089574bee3148d04cbe266ee070ee4774d26aca750,375eee7b5da77c7afdd73d089574bee3148d04cbe266ee070ee4774d26aca750,2,plantvillage,tomato_leaf_late_blight,False,False
dup_sha256_3a60a7b6f3a287981d21dca37f27e5480cc46d1144688d435e53db7a47b7006f,3a60a7b6f3a287981d21dca37f27e5480cc46d1144688d435e53db7a47b7006f,2,plantvillage,tomato_leaf_late_blight,False,False
dup_sha256_3c52144e19e95cc3d4170407eaf729d0981b934615eaa183f7f5aa29d8ef265a,3c52144e19e95cc3d4170407eaf729d0981b934615eaa183f7f5aa29d8ef265a,2,plantdoc,tomato_leaf_yellow_virus,False,False
dup_sha256_4913a3835e692530e507d542caccacc0d0a7b2fd708782cdec6236a1a0dbbcd6,4913a3835e692530e507d542caccacc0d0a7b2fd708782cdec6236a1a0dbbcd6,2,plantvillage,tomato_leaf_late_blight,False,False
dup_sha256_61f6fa6195ef5c59c4918a292c641d4cd3d2d31ff051dcd0f36a625daf93f5ef,61f6fa6195ef5c59c4918a292c641d4cd3d2d31ff051dcd0f36a625daf93f5ef,2,plantvillage,tomato_leaf_healthy,False,False
dup_sha256_68cda8c3ceca7626cc6727e14186d356b10d1e345eb16e425ef82f21a30258ed,68cda8c3ceca7626cc6727e14186d356b10d1e345eb16e425ef82f21a30258ed,2,plantvillage,tomato_leaf_healthy,False,False
dup_sha256_6e1610d4e0f6f84108af112322d11779254b2b2d41958449c64b0bf938628444,6e1610d4e0f6f84108af112322d11779254b2b2d41958449c64b0bf938628444,2,plantvillage,tomato_leaf_late_blight,False,False
dup_sha256_7ff8410db407008bb9aecf0cc5505f2b47ffd89e508413a30ea983b4bc169714,7ff8410db407008bb9aecf0cc5505f2b47ffd89e508413a30ea983b4bc169714,2,plantvillage,tomato_leaf_late_blight,False,False
dup_sha256_90220c67ab2c3ed150e93f0c26691d463200e784c74152e62acedac8a4d2d525,90220c67ab2c3ed150e93f0c26691d463200e784c74152e62acedac8a4d2d525,2,plantvillage,tomato_leaf_late_blight,False,False
dup_sha256_93c989d8551209bf34d4002ee9fae48ddbf6ab66fc3c27466c0473bcc7c0a2b7,93c989d8551209bf34d4002ee9fae48ddbf6ab66fc3c27466c0473bcc7c0a2b7,2,plantdoc,tomato_septoria_leaf_spot,False,False
dup_sha256_a05e573ae6c4a28b077b8c9d01249be849f4f8e1790b2625b42c6bc01098f718,a05e573ae6c4a28b077b8c9d01249be849f4f8e1790b2625b42c6bc01098f718,2,plantvillage,tomato_leaf_late_blight,False,False
dup_sha256_addddf5cb2a74192c9836be70fc223659062675eb325d55429c341a0c44937d0,addddf5cb2a74192c9836be70fc223659062675eb325d55429c341a0c44937d0,2,plantvillage,tomato_leaf_healthy,False,False
dup_sha256_e23a29c94b58aac28e92f57f95eb6f53e99c874323cb2b90ebd327085721574e,e23a29c94b58aac28e92f57f95eb6f53e99c874323cb2b90ebd327085721574e,2,plantdoc,tomato_leaf_bacterial_spot|tomato_septoria_leaf_spot,False,True
