duplicate_group_id,sha256,group_size,cross_dataset,dataset,original_label,image_id,relative_path
dup_sha256_12852b3616bcf0ba39b03b5677e74f50f5f6abf4d38957fe17949e23e2a4b244,12852b3616bcf0ba39b03b5677e74f50f5f6abf4d38957fe17949e23e2a4b244,2,False,plantvillage,tomato_leaf_healthy,plantvillage_b86b70a1d26914e37ed54a335fe01135cdeeb98dbba43051b3a682bf0a7a3a04,data/processed/tomato_plantvillage/tomato_leaf_healthy/488feb1c-4b9f-44e7-8aa6-4103a9601f5f___GH_HL Leaf 434.JPG
dup_sha256_12852b3616bcf0ba39b03b5677e74f50f5f6abf4d38957fe17949e23e2a4b244,12852b3616bcf0ba39b03b5677e74f50f5f6abf4d38957fe17949e23e2a4b244,2,False,plantvillage,tomato_leaf_healthy,plantvillage_4f830ce4f9bc6166e7f9b0153d8d4ba66fda2a34d952bbb59014c8bf19670a48,data/processed/tomato_plantvillage/tomato_leaf_healthy/a5de43e7-fc2f-4a14-a8e6-c0f2f94c84f1___GH_HL Leaf 434.JPG
dup_sha256_2a05a74db3a270ac0ec77c00ebe89a332eed589819435129cc3c29eb6e701eb2,2a05a74db3a270ac0ec77c00ebe89a332eed589819435129cc3c29eb6e701eb2,2,False,plantvillage,tomato_leaf_healthy,plantvillage_f361db49a72909ec73c898734334c5fbe984f3b6f557c33d12c3d2ac8ea81fb1,data/processed/tomato_plantvillage/tomato_leaf_healthy/068e324c-faf6-40d6-8f83-578907f1cac5___GH_HL Leaf 466.1.JPG
dup_sha256_2a05a74db3a270ac0ec77c00ebe89a332eed589819435129cc3c29eb6e701eb2,2a05a74db3a270ac0ec77c00ebe89a332eed589819435129cc3c29eb6e701eb2,2,False,plantvillage,tomato_leaf_healthy,plantvillage_e864a0d0b438052a5e6ada42891bc752540e85fcbf81ce00fa5b71de8c9f39a9,data/processed/tomato_plantvillage/tomato_leaf_healthy/34c81c57-e1fa-49dd-a49d-34fe8b2385fe___GH_HL Leaf 466.1.JPG
dup_sha256_2aeb7479e975df37dfb54aa7b403f57f2ad90b018c37809e572a2a932f55d2a7,2aeb7479e975df37dfb54aa7b403f57f2ad90b018c37809e572a2a932f55d2a7,2,False,plantvillage,tomato_leaf_late_blight,plantvillage_99867da1716abfe8372f66f3d6dea60c3a31a178cfe005e0d242e4d2dd5c2640,data/processed/tomato_plantvillage/tomato_leaf_late_blight/5f21282c-e2ef-4c4a-ace1-b5701fe7effc___GHLB2 Leaf 8999.JPG
dup_sha256_2aeb7479e975df37dfb54aa7b403f57f2ad90b018c37809e572a2a932f55d2a7,2aeb7479e975df37dfb54aa7b403f57f2ad90b018c37809e572a2a932f55d2a7,2,False,plantvillage,tomato_leaf_late_blight,plantvillage_662d62b6655f0478c0a8ea1392591a375bb50c71c05b42a5d8a1f6886e07228f,data/processed/tomato_plantvillage/tomato_leaf_late_blight/e5d707cd-077c-43af-bda9-6138e516ff51___GHLB2 Leaf 8999.JPG
dup_sha256_32e9ffabaa054c19ae8df95e94fbd7a25105defdea1214eb5f8bd804ea9a7428,32e9ffabaa054c19ae8df95e94fbd7a25105defdea1214eb5f8bd804ea9a7428,2,False,plantvillage,tomato_leaf_healthy,plantvillage_68828a13226ce1358e4d07dd6b6430126b6e8b8a0de5406a0f4ba652d8079be9,data/processed/tomato_plantvillage/tomato_leaf_healthy/9662364c-aaba-45e3-b907-10792d60578c___GH_HL Leaf 220.JPG
dup_sha256_32e9ffabaa054c19ae8df95e94fbd7a25105defdea1214eb5f8bd804ea9a7428,32e9ffabaa054c19ae8df95e94fbd7a25105defdea1214eb5f8bd804ea9a7428,2,False,plantvillage,tomato_leaf_healthy,plantvillage_d7e5c8f5a94e8613862198276a2f4ed4a906271037fd0dbd71cfb9dc5c372248,data/processed/tomato_plantvillage/tomato_leaf_healthy/d2ce7896-6fa4-45e6-96c5-d162da0e3e1c___GH_HL Leaf 220.JPG
dup_sha256_375eee7b5da77c7afdd73d089574bee3148d04cbe266ee070ee4774d26aca750,375eee7b5da77c7afdd73d089574bee3148d04cbe266ee070ee4774d26aca750,2,False,plantvillage,tomato_leaf_late_blight,plantvillage_238fbde70a80ce6dddf2754e246fd52df503174c1ca965aafbaefb411015a4c6,data/processed/tomato_plantvillage/tomato_leaf_late_blight/48c55974-9fe9-4f4b-94f7-c8cd127d1e05___GHLB_PS Leaf 23.7 Day 13.jpg
dup_sha256_375eee7b5da77c7afdd73d089574bee3148d04cbe266ee070ee4774d26aca750,375eee7b5da77c7afdd73d089574bee3148d04cbe266ee070ee4774d26aca750,2,False,plantvillage,tomato_leaf_late_blight,plantvillage_d4621f85df1b8c17ada5de3ce2323963a763a2a550a172656b53a6cf2cc3cce9,data/processed/tomato_plantvillage/tomato_leaf_late_blight/bd4f09bd-ee85-4ab1-bce0-8cde3fdd7f1b___GHLB_PS Leaf 23.7 Day 13.jpg
dup_sha256_3a60a7b6f3a287981d21dca37f27e5480cc46d1144688d435e53db7a47b7006f,3a60a7b6f3a287981d21dca37f27e5480cc46d1144688d435e53db7a47b7006f,2,False,plantvillage,tomato_leaf_late_blight,plantvillage_01bd6574848ecb3770e7966a97da07d54ac85708fb34c428f3c3d624fce41f60,data/processed/tomato_plantvillage/tomato_leaf_late_blight/861d8b00-57a4-46b0-b51a-09d102dbe119___GHLB_PS Leaf 24 Day 13.jpg
dup_sha256_3a60a7b6f3a287981d21dca37f27e5480cc46d1144688d435e53db7a47b7006f,3a60a7b6f3a287981d21dca37f27e5480cc46d1144688d435e53db7a47b7006f,2,False,plantvillage,tomato_leaf_late_blight,plantvillage_0677c865c5ad6e8406abc7fe3c23242157f67ff9b621c0312094b5da6ca768be,data/processed/tomato_plantvillage/tomato_leaf_late_blight/d82b634e-9a19-497b-b698-aaf100d622a1___GHLB_PS Leaf 24 Day 13.jpg
dup_sha256_3c52144e19e95cc3d4170407eaf729d0981b934615eaa183f7f5aa29d8ef265a,3c52144e19e95cc3d4170407eaf729d0981b934615eaa183f7f5aa29d8ef265a,2,False,plantdoc,tomato_leaf_yellow_virus,plantdoc_921f87b4ee14292de187c4f8d25647b5aa0dbb5577a89748d603b3f294e304a6,data/processed/tomato_plantdoc/tomato_leaf_yellow_virus/test_tylcv-seminar-1-638.jpg
dup_sha256_3c52144e19e95cc3d4170407eaf729d0981b934615eaa183f7f5aa29d8ef265a,3c52144e19e95cc3d4170407eaf729d0981b934615eaa183f7f5aa29d8ef265a,2,False,plantdoc,tomato_leaf_yellow_virus,plantdoc_a05dd968ae0cacd1e763d8a00a34c171ae33581a5218536165b982e2640f6470,data/processed/tomato_plantdoc/tomato_leaf_yellow_virus/train_tylcv-seminar-1-638.jpg
dup_sha256_4913a3835e692530e507d542caccacc0d0a7b2fd708782cdec6236a1a0dbbcd6,4913a3835e692530e507d542caccacc0d0a7b2fd708782cdec6236a1a0dbbcd6,2,False,plantvillage,tomato_leaf_late_blight,plantvillage_4f16aa9164e78282cad597d97551fab51c44d435e434a2d5420690866ca69ab6,data/processed/tomato_plantvillage/tomato_leaf_late_blight/3fae9c64-18f0-4a67-9f97-554248bb1bed___GHLB_PS Leaf 24 Day 16.jpg
dup_sha256_4913a3835e692530e507d542caccacc0d0a7b2fd708782cdec6236a1a0dbbcd6,4913a3835e692530e507d542caccacc0d0a7b2fd708782cdec6236a1a0dbbcd6,2,False,plantvillage,tomato_leaf_late_blight,plantvillage_97e1c383f0c8266826757236deb462efc8a2ff4c71e59bb86928e1d620eca6fe,data/processed/tomato_plantvillage/tomato_leaf_late_blight/5de6da85-f8c4-48c4-b463-3e6bd78884cc___GHLB_PS Leaf 24 Day 16.jpg
dup_sha256_61f6fa6195ef5c59c4918a292c641d4cd3d2d31ff051dcd0f36a625daf93f5ef,61f6fa6195ef5c59c4918a292c641d4cd3d2d31ff051dcd0f36a625daf93f5ef,2,False,plantvillage,tomato_leaf_healthy,plantvillage_6ce1d83aa72d74fc4ddeddd6c2131fca76007c3dcf69e4cd821415d0d0c1b247,data/processed/tomato_plantvillage/tomato_leaf_healthy/1af0bfe1-4bcf-4b8b-be66-5d0953eb647e___GH_HL Leaf 482.2.JPG
dup_sha256_61f6fa6195ef5c59c4918a292c641d4cd3d2d31ff051dcd0f36a625daf93f5ef,61f6fa6195ef5c59c4918a292c641d4cd3d2d31ff051dcd0f36a625daf93f5ef,2,False,plantvillage,tomato_leaf_healthy,plantvillage_e38835bdfc15c2ce964376ff3f9697f3deb2e99040ee9319cb07d5f24c877765,data/processed/tomato_plantvillage/tomato_leaf_healthy/cfd491d6-4af5-4728-8f0e-0d330a07174a___GH_HL Leaf 482.2.JPG
dup_sha256_68cda8c3ceca7626cc6727e14186d356b10d1e345eb16e425ef82f21a30258ed,68cda8c3ceca7626cc6727e14186d356b10d1e345eb16e425ef82f21a30258ed,2,False,plantvillage,tomato_leaf_healthy,plantvillage_f8dad552b93882a928638386062f1e7115d80715f990b52003d936683baf7a23,data/processed/tomato_plantvillage/tomato_leaf_healthy/37aad83b-7ff8-4b35-b3ed-fb8e0f54910b___GH_HL Leaf 342.1.JPG
dup_sha256_68cda8c3ceca7626cc6727e14186d356b10d1e345eb16e425ef82f21a30258ed,68cda8c3ceca7626cc6727e14186d356b10d1e345eb16e425ef82f21a30258ed,2,False,plantvillage,tomato_leaf_healthy,plantvillage_06d8afd7456b59cae9a4bf10770eb908350de8ab3e29127fe79d09e64e9db447,data/processed/tomato_plantvillage/tomato_leaf_healthy/e786ac89-29fe-47e3-b49e-b9a9ee7edd9d___GH_HL Leaf 342.1.JPG
dup_sha256_6e1610d4e0f6f84108af112322d11779254b2b2d41958449c64b0bf938628444,6e1610d4e0f6f84108af112322d11779254b2b2d41958449c64b0bf938628444,2,False,plantvillage,tomato_leaf_late_blight,plantvillage_bc8c7c458667b5e766afad40a1788a00b8699e0826c1fdcc082b3c3f42e4533b,data/processed/tomato_plantvillage/tomato_leaf_late_blight/5688ea99-c949-41d0-bbab-9cbf0ffb8bcd___GHLB2 Leaf 8677.JPG
dup_sha256_6e1610d4e0f6f84108af112322d11779254b2b2d41958449c64b0bf938628444,6e1610d4e0f6f84108af112322d11779254b2b2d41958449c64b0bf938628444,2,False,plantvillage,tomato_leaf_late_blight,plantvillage_bee16063fa76efde876bc7a3025a04394c323a696a4fc42d76be152b17ff3544,data/processed/tomato_plantvillage/tomato_leaf_late_blight/e20107e7-137f-400e-817f-5dc4c58e5d70___GHLB2 Leaf 8677.JPG
dup_sha256_7ff8410db407008bb9aecf0cc5505f2b47ffd89e508413a30ea983b4bc169714,7ff8410db407008bb9aecf0cc5505f2b47ffd89e508413a30ea983b4bc169714,2,False,plantvillage,tomato_leaf_late_blight,plantvillage_74b9d2def3a6a383c6b11f1f175bb37424f9a44cc39c9b71ba821c6e0b01d033,data/processed/tomato_plantvillage/tomato_leaf_late_blight/1a69b38b-c4eb-42c4-9584-bcb14fb8db0c___GHLB2 Leaf 9011.JPG
dup_sha256_7ff8410db407008bb9aecf0cc5505f2b47ffd89e508413a30ea983b4bc169714,7ff8410db407008bb9aecf0cc5505f2b47ffd89e508413a30ea983b4bc169714,2,False,plantvillage,tomato_leaf_late_blight,plantvillage_e84ba73afd2f5c4992ef4528ea7b6158ecd1f35b5911a58a64bc5cc66c17063d,data/processed/tomato_plantvillage/tomato_leaf_late_blight/2c47b891-3c97-48f1-a2cc-5aa53d3a1148___GHLB2 Leaf 9011.JPG
dup_sha256_90220c67ab2c3ed150e93f0c26691d463200e784c74152e62acedac8a4d2d525,90220c67ab2c3ed150e93f0c26691d463200e784c74152e62acedac8a4d2d525,2,False,plantvillage,tomato_leaf_late_blight,plantvillage_1eb90ef95e9f685c74c32828c6152c39377bf1ef03fb361b3ef040a0586b32ad,data/processed/tomato_plantvillage/tomato_leaf_late_blight/98586693-fe1f-4ea0-8e27-4501b61cf09b___GHLB_PS Leaf 23.5 Day 13.jpg
dup_sha256_90220c67ab2c3ed150e93f0c26691d463200e784c74152e62acedac8a4d2d525,90220c67ab2c3ed150e93f0c26691d463200e784c74152e62acedac8a4d2d525,2,False,plantvillage,tomato_leaf_late_blight,plantvillage_b612d76d32f2db149d973ee1c50ec0a7a4f8b3fed76fa561fd3a52a05d23e711,data/processed/tomato_plantvillage/tomato_leaf_late_blight/c1775bad-7c02-41fb-bb7d-f8df91d60ac3___GHLB_PS Leaf 23.5 Day 13.jpg
dup_sha256_93c989d8551209bf34d4002ee9fae48ddbf6ab66fc3c27466c0473bcc7c0a2b7,93c989d8551209bf34d4002ee9fae48ddbf6ab66fc3c27466c0473bcc7c0a2b7,2,False,plantdoc,tomato_septoria_leaf_spot,plantdoc_0fc7d74a01d3d595d917c6c74212068e612bf097933d6fd5bd525bbebe07eb68,data/processed/tomato_plantdoc/tomato_septoria_leaf_spot/test_early-blight-septoria-ls-fig-3.jpg
dup_sha256_93c989d8551209bf34d4002ee9fae48ddbf6ab66fc3c27466c0473bcc7c0a2b7,93c989d8551209bf34d4002ee9fae48ddbf6ab66fc3c27466c0473bcc7c0a2b7,2,False,plantdoc,tomato_septoria_leaf_spot,plantdoc_5b0a900ef67644d67cb2155400ec70a9b2887aadf4d025f667b0ca5993952b26,data/processed/tomato_plantdoc/tomato_septoria_leaf_spot/train_early-blight-septoria-ls-fig-3.jpg
dup_sha256_a05e573ae6c4a28b077b8c9d01249be849f4f8e1790b2625b42c6bc01098f718,a05e573ae6c4a28b077b8c9d01249be849f4f8e1790b2625b42c6bc01098f718,2,False,plantvillage,tomato_leaf_late_blight,plantvillage_555083475f90c8690b4c9796d34b7a7574f6947ae5982075109f08111723dae4,data/processed/tomato_plantvillage/tomato_leaf_late_blight/d6e6897a-5083-4914-9903-804c5684a956___GHLB2 Leaf 102.JPG
dup_sha256_a05e573ae6c4a28b077b8c9d01249be849f4f8e1790b2625b42c6bc01098f718,a05e573ae6c4a28b077b8c9d01249be849f4f8e1790b2625b42c6bc01098f718,2,False,plantvillage,tomato_leaf_late_blight,plantvillage_2f3310bdd06d4bc89594ad04f402dd9009f127eb5fb51ac63dc064ef12ff9896,data/processed/tomato_plantvillage/tomato_leaf_late_blight/d81682aa-746b-4e07-af2b-52ebb6f4c017___GHLB2 Leaf 102.JPG
dup_sha256_addddf5cb2a74192c9836be70fc223659062675eb325d55429c341a0c44937d0,addddf5cb2a74192c9836be70fc223659062675eb325d55429c341a0c44937d0,2,False,plantvillage,tomato_leaf_healthy,plantvillage_5d8c5f72b2114e1764bbcc50e5b0df479720d74e8b0899124cdb644413b740e1,data/processed/tomato_plantvillage/tomato_leaf_healthy/37203047-d8ba-43f7-b31e-d496c41c569c___GH_HL Leaf 389.JPG
dup_sha256_addddf5cb2a74192c9836be70fc223659062675eb325d55429c341a0c44937d0,addddf5cb2a74192c9836be70fc223659062675eb325d55429c341a0c44937d0,2,False,plantvillage,tomato_leaf_healthy,plantvillage_bb1babe86c2046630d6512727b809bc28c7d110d86ad4d9eee0bdae20a6043f4,data/processed/tomato_plantvillage/tomato_leaf_healthy/505465db-407b-4e0a-8110-7479dad5261c___GH_HL Leaf 389.JPG
dup_sha256_e23a29c94b58aac28e92f57f95eb6f53e99c874323cb2b90ebd327085721574e,e23a29c94b58aac28e92f57f95eb6f53e99c874323cb2b90ebd327085721574e,2,False,plantdoc,tomato_leaf_bacterial_spot,plantdoc_839354835f0bd648d609dfdffb19a2c6d412480367007486c3afdbe95f91caaf,data/processed/tomato_plantdoc/tomato_leaf_bacterial_spot/test_tomato_V8.jpg
dup_sha256_e23a29c94b58aac28e92f57f95eb6f53e99c874323cb2b90ebd327085721574e,e23a29c94b58aac28e92f57f95eb6f53e99c874323cb2b90ebd327085721574e,2,False,plantdoc,tomato_septoria_leaf_spot,plantdoc_3c734426d1b000b56fef31775d19f84dbcf8c76b691094c179bd84621b2c5219,data/processed/tomato_plantdoc/tomato_septoria_leaf_spot/train_tomato_V8.jpg
